{
  "dependencies": {
    "mssql1": {
      "serviceConnectorResourceId": "/subscriptions/[parameters('subscriptionId')]/resourcegroups/[parameters('serviceConnectorResourceGroupName')]/providers/Microsoft.Web/sites/SqlAnalyticsAPI20251228063713/providers/Microsoft.ServiceLinker/linkers/ConnectionStringsDatabaseConnection_3450FAA069",
      "secretStore": "AzureAppSettings",
      "resourceId": "/subscriptions/[parameters('subscriptionId')]/resourceGroups/[parameters('resourceGroupName')]/providers/Microsoft.Sql/servers/aisqlserverdbm/databases/aisqlserverdb",
      "type": "mssql.azure",
      "connectionId": "ConnectionStrings:DatabaseConnection",
      "dynamicId": null
    }
  }
}